traveler_id,name,age,gender,nationality
TR_1,Adam Lee,33,Male,Canadian
TR_2,Alex Kim,29,Male,American
TR_3,Alex Ng,33,Male,Cambodia
TR_4,Alice Smith,30,Female,American
TR_5,Alice Smith,32,Female,American
TR_6,Amanda Chen,25,Female,Taiwanese
TR_7,Amelia Brown,38,Female,Australian
TR_8,Ana Hernandez,27,Female,Mexican
TR_9,Ana Rodriguez,31,Female,Spanish
TR_10,Ben Smith,35,Male,British
TR_11,Bob Johnson,45,Male,Canadian
TR_12,Bob Johnson,47,Male,Canadian
TR_13,Carlos Garcia,36,Male,Spanish
TR_14,Charlie Lee,25,Male,South Korean
TR_15,Cindy Chen,26,Female,Chinese
TR_16,David Kim,25,Male,American
TR_17,David Kim,26,Male,Canadian
TR_18,David Kim,34,Male,South Korean
TR_19,David Kim,42,Male,South Korean
TR_20,David Lee,38,Male,Australian
TR_21,David Lee,38,Male,South Korean
TR_22,David Lee,43,Male,Australian
TR_23,David Lee,45,Male,Australian
TR_24,David Lee,45,Male,South Korean
TR_25,Emily Davis,27,Female,American
TR_26,Emily Davis,31,Female,American
TR_27,Emily Davis,33,Female,Australian
TR_28,Emily Johnson,28,Female,Canadian
TR_29,Emily Kim,29,Female,South Korean
TR_30,Emily Lee,27,Female,American
TR_31,Emily Watson,29,Female,British
TR_32,Emily Wong,38,Female,British
TR_33,Emma Davis,28,Female,British
TR_34,Emma Garcia,27,Female,Spanish
TR_35,Emma Lee,31,Female,Italian
TR_36,Emma Watson,32,Female,British
TR_37,Emma Wilson,29,Female,Canadian
TR_38,Fatima Ahmed,24,Female,Emirati
TR_39,Fatima Khouri,26,Female,Moroccan
TR_40,Felipe Almeida,30,Male,Brazilian
TR_41,Frank Li,41,Male,American
TR_42,George Chen,27,Male,Greece
TR_43,Gina Lee,35,Female,South Korean
TR_44,Giulia Rossi,30,Female,Italian
TR_45,Hans Mueller,48,Male,Germany
TR_46,Harry Wilson,20,Male,American
TR_47,Henry Kim,24,Male,South Korean
TR_48,Isabella Chen,30,Female,Chinese
TR_49,Jack Smith,28,Male,American
TR_50,James Brown,42,Male,British
TR_51,James Chen,25,Male,American
TR_52,James Kim,41,Male,American
TR_53,James MacKenzie,32,Male,Scottish
TR_54,James Wilson,29,Male,British
TR_55,James Wilson,32,Male,Australian
TR_56,Jane Doe,28,Female,Canadian
TR_57,Jane Smith,28,Female,British
TR_58,Jennifer Nguyen,31,Female,Canadian
TR_59,Jessica Chen,31,Female,Taiwan
TR_60,Jessica Wong,28,Female,Canadian
TR_61,John Doe,35,Male,American
TR_62,John Smith,35,Male,American
TR_63,John Smith,45,Male,American
TR_64,John Smith,46,Male,British
TR_65,Jose Perez,37,Male,Brazilian
TR_66,Katie Johnson,33,Female,Canadian
TR_67,Ken Tanaka,42,Male,Japanese
TR_68,Kenji Nakamura,28,Male,Japanese
TR_69,Kenji Nakamura,45,Male,Japanese
TR_70,Kevin Kim,24,Male,South Korean
TR_71,Kim Min-ji,27,Female,South Korean
TR_72,Kim Nguyen,26,Female,Vietnamese
TR_73,Laura Gomez,29,Female,Spanish
TR_74,Laura Janssen,31,Female,Dutch
TR_75,Laura van den Berg,31,Female,Dutch
TR_76,Liam Nguyen,26,Male,Vietnamese
TR_77,Lila Patel,33,Female,Indian
TR_78,Lily Nguyen,24,Female,Vietnamese
TR_79,Lily Wong,29,Female,Chinese
TR_80,Lisa Chen,30,Female,Taiwan
TR_81,Lucas Santos,25,Male,Brazilian
TR_82,Marco Rossi,41,Male,Italian
TR_83,Maria Garcia,27,Female,Spanish
TR_84,Maria Garcia,31,Female,Spanish
TR_85,Maria Garcia,42,Female,Spanish
TR_86,Maria Hernandez,42,Female,Mexican
TR_87,Maria Silva,30,Female,Brazilian
TR_88,Mark Johnson,31,Male,South African
TR_89,Mark Tan,45,Male,Singapore
TR_90,Mia Johnson,25,Female,American
TR_91,Mia Johnson,31,Female,American
TR_92,Michael Brown,42,Male,American
TR_93,Michael Chang,28,Male,Chinese
TR_94,Michael Chen,26,Male,Chinese
TR_95,Michael Davis,41,Male,American
TR_96,Michael Johnson,45,Male,South African
TR_97,Michael Wong,42,Male,Hong Kong
TR_98,Michael Wong,50,Male,Chinese
TR_99,Mohammed Ali,39,Male,Emirati
TR_100,Nana Kwon,27,Female,South Korean
TR_101,Nina Patel,29,Female,Indian
TR_102,Nisa Patel,23,Female,Indian
TR_103,Olivia Green,39,Female,French
TR_104,Olivia Kim,29,Female,South Korean
TR_105,Olivia Martin,33,Female,Australian
TR_106,Olivia Rodriguez,35,Female,British
TR_107,Park Min Woo,27,Male,South Korean
TR_108,Peter Brown,55,Male,British
TR_109,Putra Wijaya,33,Male,Indonesian
TR_110,Rachel Lee,27,Female,South Korean
TR_111,Rachel Sanders,35,Female,American
TR_112,Raj Patel,40,Male,Indian
TR_113,Robert Mueller,41,Male,Germany
TR_114,Rodrigo Oliveira,33,Male,Brazil
TR_115,Ryan Chen,34,Male,Chinese
TR_116,Sarah Brown,37,Female,British
TR_117,Sarah Johnson,29,Female,British
TR_118,Sarah Johnson,30,Female,American
TR_119,Sarah Lee,28,Female,South Korean
TR_120,Sarah Lee,31,Female,Australian
TR_121,Sarah Lee,35,Female,South Korean
TR_122,Sarah Wong,28,Female,Chinese
TR_123,Sofia Rodriguez,25,Female,Spanish
TR_124,Sofia Rossi,33,Female,Italian
TR_125,Sofia Russo,29,Female,Italian
TR_126,Sophia Kim,29,Female,Emirati
TR_127,Sophia Lee,37,Female,Canadian
TR_128,Tom Hanks,60,Male,American
TR_129,Tom Wilson,27,Male,American
TR_130,William Brown,39,Male,New Zealander
TR_131,William Davis,27,Male,South Korean
